{"CNT_CHILDREN": 0.4279039270187442, "AMT_INCOME_TOTAL": 187556.07102886462, "DAYS_BIRTH": -15998.155472881477, "DAYS_EMPLOYED": 60464.453735300405, "CNT_FAM_MEMBERS": 2.1949340745492125}